crate_name,rustsec_label,advisory_type
humantime,Uncategorized,INFOUnmaintained
protobuf,Uncategorized,Vulnerability
ring,Uncategorized,Vulnerability
openh264-sys2,Uncategorized,Vulnerability
ring,Uncategorized,INFOUnmaintained
hickory-proto,Uncategorized,Vulnerability
grcov,Uncategorized,Vulnerability
openssl,Uncategorized,Vulnerability
fast-float,Uncategorized,Vulnerability
fast-float2,Uncategorized,Vulnerability
rage,Uncategorized,Vulnerability
age,Uncategorized,Vulnerability
magic-crypt,Uncategorized,Vulnerability
idna,Uncategorized,Vulnerability
pyo3,Uncategorized,Vulnerability
rustyscript,Uncategorized,Vulnerability
js-sandbox,Uncategorized,Vulnerability
hashbrown,Uncategorized,Vulnerability
ruzstd,Uncategorized,Vulnerability
rustls,Uncategorized,Vulnerability
sharks,Uncategorized,Vulnerability
paillier-zk,Uncategorized,Vulnerability
cggmp21,Uncategorized,Vulnerability
cggmp21-keygen,Uncategorized,Vulnerability
pyo3,Uncategorized,Vulnerability
dbn,Uncategorized,Vulnerability
tonic,Uncategorized,Vulnerability
ouch,Uncategorized,Vulnerability
olm-sys,Uncategorized,Vulnerability
cosmwasm-vm,Uncategorized,Vulnerability
diesel,Uncategorized,Vulnerability
sqlx,Uncategorized,Vulnerability
alloy-json-abi,Uncategorized,Vulnerability
cosmwasm-vm,Uncategorized,Vulnerability
openssl,Uncategorized,Vulnerability
matrix-sdk-crypto,Uncategorized,Vulnerability
vodozemac,Uncategorized,Vulnerability
zerovec-derive,Uncategorized,Vulnerability
zerovec,Uncategorized,Vulnerability
sequoia-openpgp,Uncategorized,Vulnerability
curve25519-dalek,Uncategorized,Vulnerability
vodozemac,Uncategorized,Vulnerability
tor-circmgr,Uncategorized,Vulnerability
tor-circmgr,Uncategorized,Vulnerability
cosmwasm-std,Uncategorized,Vulnerability
gix-transport,Uncategorized,Vulnerability
h2,Uncategorized,Vulnerability
hpack,Uncategorized,Vulnerability
eyre,Uncategorized,Vulnerability
whoami,Uncategorized,Vulnerability
mio,Uncategorized,Vulnerability
crayon,Uncategorized,Vulnerability
libdav1d-sys,Uncategorized,Vulnerability
transpose,Uncategorized,Vulnerability
snow,Uncategorized,Vulnerability
serde-json-wasm,Uncategorized,Vulnerability
svix,Uncategorized,Vulnerability
trillium-client,Uncategorized,Vulnerability
trillium-http,Uncategorized,Vulnerability
shlex,Uncategorized,Vulnerability
h2,Uncategorized,Vulnerability
rosenpass,Uncategorized,Vulnerability
zerocopy,Uncategorized,Vulnerability
self_cell,Uncategorized,Vulnerability
gix-transport,Uncategorized,Vulnerability
libwebp-sys,Uncategorized,Vulnerability
libwebp-sys2,Uncategorized,Vulnerability
mail-internals,Uncategorized,Vulnerability
ed25519-dalek,Uncategorized,Vulnerability
openssl,Uncategorized,Vulnerability
trust-dns-server,Uncategorized,Vulnerability
sequoia-openpgp,Uncategorized,Vulnerability
buffered-reader,Uncategorized,Vulnerability
h2,Uncategorized,Vulnerability
nats,Uncategorized,Vulnerability
async-nats,Uncategorized,Vulnerability
openssl,Uncategorized,Vulnerability
openssl,Uncategorized,Vulnerability
openssl,Uncategorized,Vulnerability
stb_image,Uncategorized,Vulnerability
remove_dir_all,Uncategorized,Vulnerability
openssl-src,Uncategorized,Vulnerability
openssl-src,Uncategorized,Vulnerability
openssl-src,Uncategorized,Vulnerability
openssl-src,Uncategorized,Vulnerability
openssl-src,Uncategorized,Vulnerability
openssl-src,Uncategorized,Vulnerability
openssl-src,Uncategorized,Vulnerability
openssl-src,Uncategorized,Vulnerability
bzip2,Uncategorized,Vulnerability
slack-morphism,Uncategorized,Vulnerability
daemonize,Uncategorized,INFOUnmaintained
warp,Uncategorized,Vulnerability
libgit2-sys,Uncategorized,Vulnerability
elf_rs,Uncategorized,Vulnerability
wasmtime,Uncategorized,Vulnerability
git2,Uncategorized,Vulnerability
tokio,Uncategorized,Vulnerability
hyper-staticfile,Uncategorized,Vulnerability
hyper-staticfile,Uncategorized,Vulnerability
capnp,Uncategorized,Vulnerability
openssl-src,Uncategorized,Vulnerability
openssl-src,Uncategorized,Vulnerability
matrix-sdk,Uncategorized,Vulnerability
openssl-src,Uncategorized,Vulnerability
axum-core,Uncategorized,Vulnerability
xml-rs,Uncategorized,INFOUnmaintained
oqs,Uncategorized,Vulnerability
rocksdb,Uncategorized,Vulnerability
oqs,Uncategorized,Vulnerability
temporary,Uncategorized,Vulnerability
tower-http,Uncategorized,Vulnerability
rustdecimal,Uncategorized,Vulnerability
owning_ref,Uncategorized,Vulnerability
websocket,Uncategorized,Vulnerability
openssl-src,Uncategorized,Vulnerability
openssl-src,Uncategorized,Vulnerability
rulex,Uncategorized,Vulnerability
rulex,Uncategorized,Vulnerability
crossbeam,Uncategorized,Vulnerability
neon,Uncategorized,Vulnerability
wasmtime,Uncategorized,Vulnerability
openssl-src,Uncategorized,Vulnerability
arrow2,Uncategorized,Vulnerability
rust-crypto,Uncategorized,Vulnerability
libp2p-core,Uncategorized,Vulnerability
thread_local,Uncategorized,Vulnerability
rustc-serialize,Uncategorized,Vulnerability
tower-http,Uncategorized,Vulnerability
ammonia,Uncategorized,Vulnerability
dashmap,Uncategorized,Vulnerability
shamir,Uncategorized,Vulnerability
compu-brotli-sys,Uncategorized,Vulnerability
brotli-sys,Uncategorized,Vulnerability
lru,Uncategorized,Vulnerability
openssl-src,Uncategorized,Vulnerability
rusqlite,Uncategorized,Vulnerability
rust-embed,Uncategorized,Vulnerability
simple_asn1,Uncategorized,Vulnerability
tokio,Uncategorized,Vulnerability
fruity,Uncategorized,Vulnerability
chrono,Uncategorized,Vulnerability
nix,Uncategorized,Vulnerability
arrow,Uncategorized,Vulnerability
arrow,Uncategorized,Vulnerability
arrow,Uncategorized,Vulnerability
zeroize_derive,Uncategorized,Vulnerability
nanorand,Uncategorized,Vulnerability
metrics-util,Uncategorized,Vulnerability
tremor-script,Uncategorized,Vulnerability
ckb,Uncategorized,Vulnerability
ckb,Uncategorized,Vulnerability
ckb,Uncategorized,Vulnerability
molecule,Uncategorized,Vulnerability
sha2,Uncategorized,Vulnerability
derive-com-impl,Uncategorized,Vulnerability
messagepack-rs,Uncategorized,Vulnerability
raw-cpuid,Uncategorized,Vulnerability
std,Uncategorized,Vulnerability
better-macro,Uncategorized,Vulnerability
libsecp256k1,Uncategorized,Vulnerability
ark-r1cs-std,Uncategorized,Vulnerability
tokio,Uncategorized,Vulnerability
prost-types,Uncategorized,Vulnerability
ammonia,Uncategorized,Vulnerability
std,Uncategorized,Vulnerability
std,Uncategorized,Vulnerability
std,Uncategorized,Vulnerability
std,Uncategorized,Vulnerability
std,Uncategorized,Vulnerability
nalgebra,Uncategorized,Vulnerability
lettre,Uncategorized,Vulnerability
iced-x86,Uncategorized,Vulnerability
evm-core,Uncategorized,Vulnerability
comrak,Uncategorized,Vulnerability
algorithmica,Uncategorized,Vulnerability
std,Uncategorized,Vulnerability
std,Uncategorized,Vulnerability
std,Uncategorized,Vulnerability
std,Uncategorized,Vulnerability
std,Uncategorized,Vulnerability
std,Uncategorized,Vulnerability
std,Uncategorized,Vulnerability
std,Uncategorized,Vulnerability
id-map,Uncategorized,Vulnerability
fltk,Uncategorized,Vulnerability
toodee,Uncategorized,Vulnerability
xcb,Uncategorized,Vulnerability
raw-cpuid,Uncategorized,Vulnerability
async-h1,Uncategorized,Vulnerability
libpulse-binding,Uncategorized,Vulnerability
libpulse-binding,Uncategorized,Vulnerability
dirs,Uncategorized,INFOUnmaintained
directories,Uncategorized,INFOUnmaintained
crossbeam-channel,Uncategorized,Vulnerability
actix-web,Uncategorized,Vulnerability
rustsec,Uncategorized,Vulnerability
rusqlite,Uncategorized,Vulnerability
spin,Uncategorized,INFOUnmaintained
simple-slab,Uncategorized,Vulnerability
ncurses,Uncategorized,Vulnerability
rustsec-example-crate,Uncategorized,Vulnerability
fake-static,Uncategorized,Vulnerability
serde_yaml,Uncategorized,Vulnerability
rmpv,Uncategorized,Vulnerability
arr,Uncategorized,Vulnerability
streebog,Uncategorized,Vulnerability
std,Uncategorized,Vulnerability
std,Uncategorized,Vulnerability
cargo,Uncategorized,Vulnerability
paste,INFO,INFOUnmaintained
ring,INFO,INFOUnmaintained
openpgp-card-sequoia,INFO,INFOUnmaintained
backoff,INFO,INFOUnmaintained
resolve,INFO,INFOUnmaintained
fyrox-core,INFO,INFOUnsound
matrix-sdk-crypto,INFO,INFONotice
xous,INFO,INFOUnsound
glib,INFO,INFOUnsound
spl-token-swap,INFO,INFOUnsound
get-size,INFO,INFOUnmaintained
kvm-ioctls,INFO,INFOUnsound
get-size-derive,INFO,INFOUnmaintained
libafl,INFO,INFOUnsound
atk-sys,INFO,INFOUnmaintained
gtk-sys,INFO,INFOUnmaintained
gdkx11,INFO,INFOUnmaintained
gdkwayland,INFO,INFOUnmaintained
gtk3-macros,INFO,INFOUnmaintained
gtk-layer-shell-sys,INFO,INFOUnmaintained
gtk,INFO,INFOUnmaintained
gtk-layer-shell,INFO,INFOUnmaintained
gdk,INFO,INFOUnmaintained
gdk-sys,INFO,INFOUnmaintained
gdkwayland-sys,INFO,INFOUnmaintained
gdkx11-sys,INFO,INFOUnmaintained
atk,INFO,INFOUnmaintained
pprof,INFO,INFOUnsound
serial,INFO,INFOUnmaintained
linkme,INFO,INFOUnsound
multi_mut,INFO,INFOUnsound
anstream,INFO,INFOUnsound
pqcrypto-dilithium,INFO,INFOUnmaintained
derivative,INFO,INFOUnmaintained
chrono-english,INFO,INFOUnmaintained
strason,INFO,INFOUnmaintained
minitrace,INFO,INFOUnmaintained
hwloc,INFO,INFOUnmaintained
cw0,INFO,INFOUnmaintained
openslide,INFO,INFOUnmaintained
pqcrypto-kyber,INFO,INFOUnmaintained
conrod_core,INFO,INFOUnmaintained
opentelemetry_api,INFO,INFOUnmaintained
instant,INFO,INFOUnmaintained
mmap,INFO,INFOUnmaintained
loopdev,INFO,INFOUnmaintained
bcc,INFO,INFOUnmaintained
mimalloc,INFO,INFOUnsound
simd-json-derive,INFO,INFOUnsound
conrod,INFO,INFOUnmaintained
fast-float,INFO,INFOUnsound
atty,INFO,INFOUnmaintained
lexical-core,INFO,INFOUnsound
proc-macro-error,INFO,INFOUnmaintained
xmp_toolkit,INFO,INFOUnsound
gix-attributes,INFO,INFOUnsound
zip_next,INFO,INFOUnmaintained
libp2p-tokio-socks5,INFO,INFOUnmaintained
rsa-export,INFO,INFOUnmaintained
puccinier,INFO,INFOUnmaintained
yaml-rust,INFO,INFOUnmaintained
hpack,INFO,INFOUnmaintained
cassandra-cpp,INFO,INFOUnsound
safemem,INFO,INFOUnmaintained
filesystem,INFO,INFOUnmaintained
generational-arena,INFO,INFOUnmaintained
rust-i18n-support,INFO,INFOUnsound
threadalone,INFO,INFOUnsound
cosmwasm,INFO,INFOUnmaintained
tracing,INFO,INFOUnsound
ferris-says,INFO,INFOUnsound
cpython,INFO,INFOUnmaintained
unsafe-libyaml,INFO,INFOUnsound
openssl,INFO,INFOUnsound
fehler,INFO,INFOUnmaintained
users,INFO,INFOUnsound
inventory,INFO,INFOUnsound
inventory,INFO,INFOUnsound
lexical,INFO,INFOUnsound
dlopen_derive,INFO,INFOUnmaintained
multipart,INFO,INFOUnmaintained
tui,INFO,INFOUnmaintained
intaglio,INFO,INFOUnsound
lmdb-rs,INFO,INFOUnsound
cyfs-base,INFO,INFOUnsound
memoffset,INFO,INFOUnsound
ftp,INFO,INFOUnmaintained
ouroboros,INFO,INFOUnsound
users,INFO,INFOUnmaintained
xsalsa20poly1305,INFO,INFOUnmaintained
tree_magic,INFO,INFOUnmaintained
enumflags2,INFO,INFOUnsound
borsh,INFO,INFOUnsound
ntru,INFO,INFOUnsound
spin,INFO,INFOUnsound
git-hash,INFO,INFOUnmaintained
buf_redux,INFO,INFOUnmaintained
git-path,INFO,INFOUnmaintained
rmp-serde,INFO,INFOUnsound
const-cstr,INFO,INFOUnsound
out-reference,INFO,INFOUnsound
mach,INFO,INFOUnmaintained
nphysics3d,INFO,INFOUnmaintained
ncollide3d,INFO,INFOUnmaintained
nphysics2d,INFO,INFOUnmaintained
boxfnonce,INFO,INFOUnmaintained
ncollide2d,INFO,INFOUnmaintained
encoding,INFO,INFOUnmaintained
kuchiki,INFO,INFOUnmaintained
maligned,INFO,INFOUnsound
ascii,INFO,INFOUnsound
partial_sort,INFO,INFOUnsound
cortex-m-rt,INFO,INFOUnsound
tokio,INFO,INFOUnsound
personnummer,INFO,INFONotice
json,INFO,INFOUnmaintained
parity-util-mem,INFO,INFOUnmaintained
twoway,INFO,INFOUnmaintained
bumpalo,INFO,INFOUnsound
claim,INFO,INFOUnmaintained
prettytable-rs,INFO,INFOUnsound
alloc-cortex-m,INFO,INFOUnmaintained
rusoto_credential,INFO,INFOUnmaintained
secp256k1,INFO,INFOUnsound
atty,INFO,INFOUnsound
lzf,INFO,INFOUnsound
parity-wasm,INFO,INFOUnmaintained
orbtk,INFO,INFOUnmaintained
inconceivable,INFO,INFONotice
badge,INFO,INFOUnmaintained
clipboard,INFO,INFOUnmaintained
typemap,INFO,INFOUnmaintained
wee_alloc,INFO,INFOUnmaintained
traitobject,INFO,INFOUnmaintained
cell-project,INFO,INFOUnsound
dotenv_codegen,INFO,INFOUnmaintained
dotenv,INFO,INFOUnmaintained
mozjpeg,INFO,INFOUnsound
rusttype,INFO,INFOUnmaintained
os_socketaddr,INFO,INFOUnsound
mapr,INFO,INFOUnmaintained
ansi_term,INFO,INFOUnmaintained
interledger-packet,INFO,INFOUnmaintained
iana-time-zone,INFO,INFOUnsound
mz-avro,INFO,INFOUnsound
sodiumoxide,INFO,INFOUnmaintained
markdown,INFO,INFOUnmaintained
crossbeam-utils,INFO,INFOUnsound
odbc,INFO,INFOUnmaintained
sass-rs,INFO,INFOUnmaintained
term_size,INFO,INFOUnmaintained
r2d2_odbc,INFO,INFOUnmaintained
pkcs11,INFO,INFOUnsound
double-checked-cell,INFO,INFOUnmaintained
static_type_map,INFO,INFOUnmaintained
crossbeam-channel,INFO,INFOUnsound
crossbeam-queue,INFO,INFOUnsound
hyper,INFO,INFOUnsound
crossbeam,INFO,INFOUnsound
array-macro,INFO,INFOUnsound
pty,INFO,INFOUnmaintained
enum-map,INFO,INFOUnsound
tokio-proto,INFO,INFOUnmaintained
windows,INFO,INFOUnsound
qcell,INFO,INFOUnsound
ftd2xx-embedded-hal,INFO,INFOUnmaintained
array-macro,INFO,INFOUnsound
lmdb,INFO,INFOUnmaintained
rental,INFO,INFOUnmaintained
cargo-download,INFO,INFOUnmaintained
serde_cbor,INFO,INFOUnmaintained
crypto2,INFO,INFOUnsound
abomonation,INFO,INFOUnsound
slice-deque,INFO,INFOUnmaintained
tectonic_xdv,INFO,INFOUnsound
cosmos_sdk,INFO,INFOUnmaintained
spirv_headers,INFO,INFOUnmaintained
ash,INFO,INFOUnsound
bite,INFO,INFOUnsound
columnar,INFO,INFOUnsound
rdiff,INFO,INFOUnsound
csv-sniffer,INFO,INFOUnsound
mopa,INFO,INFOUnsound
gfx-auxil,INFO,INFOUnsound
acc_reader,INFO,INFOUnsound
binjs_io,INFO,INFOUnsound
flumedb,INFO,INFOUnsound
buffoon,INFO,INFOUnsound
bronzedb-protocol,INFO,INFOUnsound
vec-const,INFO,INFOUnsound
anymap,INFO,INFOUnmaintained
cpuid-bool,INFO,INFOUnmaintained
aes-ctr,INFO,INFOUnmaintained
aes-soft,INFO,INFOUnmaintained
aesni,INFO,INFOUnmaintained
miscreant,INFO,INFOUnmaintained
rulinalg,INFO,INFOUnmaintained
office,INFO,INFOUnmaintained
jsonrpc-quic,INFO,INFOUnmaintained
safe-api,INFO,INFOUnmaintained
lzw,INFO,INFOUnmaintained
stderr,INFO,INFOUnmaintained
interfaces2,INFO,INFOUnmaintained
difference,INFO,INFOUnmaintained
safe_authenticator,INFO,INFOUnmaintained
safe_vault,INFO,INFOUnmaintained
safe_core,INFO,INFOUnmaintained
safe_app,INFO,INFOUnmaintained
routing,INFO,INFOUnmaintained
memmap,INFO,INFOUnmaintained
lock_api,INFO,INFOUnsound
safe_bindgen,INFO,INFOUnmaintained
fake_clock,INFO,INFOUnmaintained
ffi_utils,INFO,INFOUnmaintained
safe-nd,INFO,INFOUnmaintained
quic-p2p,INFO,INFOUnmaintained
block-cipher,INFO,INFOUnmaintained
stdweb,INFO,INFOUnmaintained
stream-cipher,INFO,INFOUnmaintained
libpulse-binding,INFO,INFOUnsound
net2,INFO,INFOUnmaintained
tiberius,INFO,INFOUnmaintained
libusb,INFO,INFOUnmaintained
plutonium,INFO,INFONotice
crust,INFO,INFOUnmaintained
quickersort,INFO,INFOUnmaintained
stb_truetype,INFO,INFOUnmaintained
term,INFO,INFOUnmaintained
chan,INFO,INFOUnmaintained
smallvec,INFO,INFOUnsound
block-cipher-trait,INFO,INFOUnmaintained
rust-crypto,INFO,INFOUnmaintained
cassandra,INFO,INFOUnmaintained
rust_sodium,INFO,INFOUnmaintained
tempdir,INFO,INFOUnmaintained
lz4-compress,INFO,INFOUnmaintained
gix-worktree-state,MEDIUM,Vulnerability
zlib-rs,MEDIUM,Vulnerability
ic-stable-structures,MEDIUM,Vulnerability
gix-path,MEDIUM,Vulnerability
gix-path,MEDIUM,Vulnerability
gix-worktree,MEDIUM,Vulnerability
gix-index,MEDIUM,Vulnerability
gix-ref,MEDIUM,Vulnerability
vmm-sys-util,MEDIUM,INFOUnsound
rsa,MEDIUM,Vulnerability
cocoon,MEDIUM,Vulnerability
pleaser,MEDIUM,Vulnerability
versionize,MEDIUM,Vulnerability
pnet_packet,MEDIUM,Vulnerability
aliyun-oss-client,MEDIUM,Vulnerability
tauri,MEDIUM,Vulnerability
kamadak-exif,MEDIUM,Vulnerability
openssl-src,MEDIUM,Vulnerability
openssl-src,MEDIUM,Vulnerability
totp-rs,MEDIUM,Vulnerability
wasmtime,MEDIUM,Vulnerability
libsecp256k1-rs,MEDIUM,Vulnerability
hyper,MEDIUM,Vulnerability
openssl-src,MEDIUM,Vulnerability
openssl-src,MEDIUM,Vulnerability
max7301,MEDIUM,Vulnerability
disrustor,MEDIUM,Vulnerability
appendix,MEDIUM,Vulnerability
generator,MEDIUM,Vulnerability
cgc,MEDIUM,Vulnerability
comrak,MEDIUM,Vulnerability
qwutils,MEDIUM,Vulnerability
va-ts,MEDIUM,Vulnerability
eventio,MEDIUM,Vulnerability
multiqueue2,MEDIUM,INFOUnsound
buttplug,MEDIUM,Vulnerability
may_queue,MEDIUM,Vulnerability
atomic-option,MEDIUM,Vulnerability
lazy-init,MEDIUM,Vulnerability
xcb,MEDIUM,INFOUnsound
im,MEDIUM,INFOUnsound
reffers,MEDIUM,INFOUnsound
mdbook,MEDIUM,Vulnerability
concread,MEDIUM,INFOUnsound
nanorand,MEDIUM,Vulnerability
thex,MEDIUM,Vulnerability
try-mutex,MEDIUM,Vulnerability
magnetic,MEDIUM,Vulnerability
ordered-float,MEDIUM,Vulnerability
socket2,MEDIUM,INFOUnsound
net2,MEDIUM,INFOUnsound
mio,MEDIUM,INFOUnsound
miow,MEDIUM,INFOUnsound
branca,MEDIUM,Vulnerability
pyo3,MEDIUM,Vulnerability
image,MEDIUM,INFOUnsound
time,MEDIUM,Vulnerability
futures-intrusive,MEDIUM,INFOUnsound
lettre,MEDIUM,Vulnerability
futures-task,MEDIUM,Vulnerability
futures-util,MEDIUM,Vulnerability
futures-util,MEDIUM,Vulnerability
libpulse-binding,MEDIUM,Vulnerability
portaudio,MEDIUM,Vulnerability
claxon,MEDIUM,Vulnerability
dync,MEDIUM,INFOUnsound
security-framework,MEDIUM,Vulnerability
array-queue,MEDIUM,Vulnerability
tiny_http,MEDIUM,Vulnerability
actix-service,MEDIUM,INFOUnsound
atom,MEDIUM,INFOUnsound
pnet,MEDIUM,Vulnerability
sodiumoxide,MEDIUM,Vulnerability
hyper,MEDIUM,Vulnerability
hyper,MEDIUM,Vulnerability
quinn-proto,HIGH,Vulnerability
ic-cdk,HIGH,Vulnerability
phonenumber,HIGH,Vulnerability
gix-fs,HIGH,Vulnerability
gix-worktree,HIGH,Vulnerability
gix-index,HIGH,Vulnerability
tls-listener,HIGH,Vulnerability
rustls,HIGH,Vulnerability
blurhash,HIGH,Vulnerability
phonenumber,HIGH,Vulnerability
libgit2-sys,HIGH,Vulnerability
pqc_kyber,HIGH,Vulnerability
candid,HIGH,Vulnerability
tungstenite,HIGH,Vulnerability
quinn-proto,HIGH,Vulnerability
bcder,HIGH,Vulnerability
rustls-webpki,HIGH,Vulnerability
webpki,HIGH,Vulnerability
libsqlite3-sys,HIGH,Vulnerability
libp2p,HIGH,Vulnerability
matrix-sdk-crypto,HIGH,Vulnerability
evm,HIGH,Vulnerability
slack-morphism,HIGH,Vulnerability
wasmtime,HIGH,Vulnerability
conduit-hyper,HIGH,Vulnerability
linked_list_allocator,HIGH,Vulnerability
async-graphql,HIGH,Vulnerability
juniper,HIGH,Vulnerability
openssl-src,HIGH,Vulnerability
regex,HIGH,Vulnerability
std,HIGH,Vulnerability
vm-memory,HIGH,Vulnerability
bat,HIGH,Vulnerability
pleaser,HIGH,Vulnerability
pleaser,HIGH,Vulnerability
git-delta,HIGH,Vulnerability
openssl-src,HIGH,Vulnerability
actix-http,HIGH,Vulnerability
tar,HIGH,Vulnerability
cranelift-codegen,HIGH,Vulnerability
openssl-src,HIGH,Vulnerability
openssl-src,HIGH,Vulnerability
rkyv,HIGH,Vulnerability
reorder,HIGH,Vulnerability
slice-deque,HIGH,Vulnerability
stackvector,HIGH,Vulnerability
uu_od,HIGH,Vulnerability
rocket,HIGH,INFOUnsound
insert_many,HIGH,Vulnerability
parse_duration,HIGH,Vulnerability
endian_trait,HIGH,Vulnerability
arenavec,HIGH,Vulnerability
quinn,HIGH,INFOUnsound
truetype,HIGH,Vulnerability
generic-array,HIGH,Vulnerability
heapless,HIGH,INFOUnsound
hyper,HIGH,Vulnerability
multiqueue,HIGH,Vulnerability
syncpool,HIGH,Vulnerability
noise_search,HIGH,Vulnerability
ms3d,HIGH,Vulnerability
postscript,HIGH,Vulnerability
model,HIGH,INFOUnsound
convec,HIGH,Vulnerability
parc,HIGH,Vulnerability
lever,HIGH,Vulnerability
kekbit,HIGH,Vulnerability
toolshed,HIGH,Vulnerability
bunch,HIGH,Vulnerability
lexer,HIGH,Vulnerability
dces,HIGH,Vulnerability
signal-simple,HIGH,Vulnerability
rcu_cell,HIGH,Vulnerability
cache,HIGH,Vulnerability
async-coap,HIGH,Vulnerability
scottqueue,HIGH,Vulnerability
v9,HIGH,Vulnerability
slock,HIGH,Vulnerability
marc,HIGH,Vulnerability
beef,HIGH,Vulnerability
libsbc,HIGH,INFOUnsound
ticketed_lock,HIGH,Vulnerability
abox,HIGH,Vulnerability
conqueue,HIGH,Vulnerability
tiny_future,HIGH,Vulnerability
unicycle,HIGH,Vulnerability
ruspiro-singleton,HIGH,Vulnerability
fil-ocl,HIGH,Vulnerability
late-static,HIGH,Vulnerability
gfwx,HIGH,Vulnerability
conquer-once,HIGH,Vulnerability
basic_dsp_matrix,HIGH,Vulnerability
abi_stable,HIGH,Vulnerability
autorand,HIGH,Vulnerability
hashconsing,HIGH,Vulnerability
aovec,HIGH,Vulnerability
av-data,HIGH,Vulnerability
cache,HIGH,INFOUnsound
glsl-layout,HIGH,Vulnerability
rusb,HIGH,INFOUnsound
arc-swap,HIGH,Vulnerability
multihash,HIGH,Vulnerability
futures-task,HIGH,Vulnerability
trust-dns-proto,HIGH,Vulnerability
yaml-rust,HIGH,Vulnerability
once_cell,HIGH,Vulnerability
flatbuffers,HIGH,Vulnerability
untrusted,HIGH,Vulnerability
trust-dns-server,HIGH,Vulnerability
obstack,HIGH,INFOUnsound
sized-chunks,HIGH,Vulnerability
asn1_der,HIGH,Vulnerability
os_str_bytes,HIGH,Vulnerability
tough,HIGH,Vulnerability
bumpalo,HIGH,Vulnerability
spin,HIGH,Vulnerability
orion,HIGH,Vulnerability
tokio-rustls,HIGH,Vulnerability
actix-http,HIGH,Vulnerability
libsecp256k1,HIGH,Vulnerability
string-interner,HIGH,Vulnerability
pancurses,HIGH,Vulnerability
http,HIGH,Vulnerability
protobuf,HIGH,Vulnerability
ordnung,HIGH,Vulnerability
ammonia,HIGH,Vulnerability
chacha20,HIGH,Vulnerability
cookie,HIGH,Vulnerability
rocket,HIGH,INFOUnsound
memoffset,HIGH,INFOUnsound
openssl-src,HIGH,Vulnerability
libp2p-core,HIGH,Vulnerability
tar,HIGH,Vulnerability
serde_cbor,HIGH,Vulnerability
chunky,HIGH,INFOUnsound
simd-json,HIGH,Vulnerability
openssl,HIGH,Vulnerability
ws,HIGH,Vulnerability
crayon,HIGH,INFOUnsound
internment,HIGH,Vulnerability
generator,HIGH,Vulnerability
rustdoc,HIGH,Vulnerability
gix-path,LOW,Vulnerability
gitoxide-core,LOW,Vulnerability
object_store,LOW,Vulnerability
sudo-rs,LOW,Vulnerability
vm-memory,LOW,INFOUnsound
tauri,LOW,Vulnerability
pleaser,LOW,Vulnerability
nano-id,CRITICAL,Vulnerability
lz4-sys,CRITICAL,Vulnerability
flatbuffers,CRITICAL,Vulnerability
openssl-src,CRITICAL,Vulnerability
crossbeam-deque,CRITICAL,Vulnerability
hyper,CRITICAL,Vulnerability
grep-cli,CRITICAL,Vulnerability
outer_cgi,CRITICAL,Vulnerability
through,CRITICAL,Vulnerability
telemetry,CRITICAL,Vulnerability
adtensor,CRITICAL,Vulnerability
diesel,CRITICAL,Vulnerability
internment,CRITICAL,Vulnerability
stack_dst,CRITICAL,Vulnerability
nano_arena,CRITICAL,Vulnerability
byte_struct,CRITICAL,Vulnerability
scratchpad,CRITICAL,Vulnerability
bam,CRITICAL,Vulnerability
rand_core,CRITICAL,Vulnerability
yottadb,CRITICAL,Vulnerability
nb-connect,CRITICAL,INFOUnsound
array-tools,CRITICAL,Vulnerability
calamine,CRITICAL,Vulnerability
libp2p-deflate,CRITICAL,Vulnerability
cdr,CRITICAL,Vulnerability
bra,CRITICAL,Vulnerability
containers,CRITICAL,Vulnerability
sys-info,CRITICAL,Vulnerability
smallvec,CRITICAL,Vulnerability
blake2,CRITICAL,Vulnerability
linea,CRITICAL,Vulnerability
renderdoc,CRITICAL,Vulnerability
safe-transmute,CRITICAL,Vulnerability
linked-hash-map,CRITICAL,INFOUnsound
actix-codec,CRITICAL,Vulnerability
flatbuffers,CRITICAL,Vulnerability
failure,CRITICAL,INFOUnmaintained
failure,CRITICAL,INFOUnsound
arrayfire,CRITICAL,Vulnerability
prost,CRITICAL,Vulnerability
ozone,CRITICAL,Vulnerability
compact_arena,CRITICAL,Vulnerability
portaudio-rs,CRITICAL,Vulnerability
mozwire,CRITICAL,Vulnerability
cbox,CRITICAL,Vulnerability
slice-deque,CRITICAL,Vulnerability
slice-deque,CRITICAL,Vulnerability
chttp,CRITICAL,Vulnerability
bitvec,CRITICAL,Vulnerability
lucet-runtime-internals,CRITICAL,Vulnerability
stack,CRITICAL,Vulnerability
http,CRITICAL,Vulnerability
libflate,CRITICAL,Vulnerability
rio,CRITICAL,Vulnerability
rand_core,CRITICAL,INFOUnsound
bigint,CRITICAL,INFOUnmaintained
smallvec,CRITICAL,Vulnerability
smallvec,CRITICAL,Vulnerability
smallvec,CRITICAL,Vulnerability
image,CRITICAL,Vulnerability
sodiumoxide,CRITICAL,Vulnerability
actix-utils,CRITICAL,INFOUnsound
rulinalg,CRITICAL,Vulnerability
hyper,CRITICAL,Vulnerability
alpm-rs,CRITICAL,INFOUnsound
traitobject,CRITICAL,INFOUnsound
openssl,CRITICAL,Vulnerability
rgb,CRITICAL,INFOUnsound
base64,CRITICAL,Vulnerability
alg_ds,CRITICAL,Vulnerability
crossbeam,CRITICAL,Vulnerability
std,CRITICAL,Vulnerability
